CountryID,Country,1990,1991,1992,1993,1994,1995,1996,1997,1998,1999,2000,2001,2002,2003,2004,2005,2006,2007,2008,2009,2010,2011,2012,2013,2014,2015,2016,2017,"Footnotes
1990","Footnotes
1991","Footnotes
1992","Footnotes
1993","Footnotes
1994","Footnotes
1995","Footnotes
1996","Footnotes
1997","Footnotes
1998","Footnotes
1999","Footnotes
2000","Footnotes
2001","Footnotes
2002","Footnotes
2003","Footnotes
2004","Footnotes
2005","Footnotes
2006","Footnotes
2007","Footnotes
2008","Footnotes
2009","Footnotes
2010","Footnotes
2011","Footnotes
2012","Footnotes
2013","Footnotes
2014","Footnotes
2015","Footnotes
2016","Footnotes
2017"
8,Albania,...,...,...,...,...,...,...,...,...,...,...,...,...,...,...,...,...,...,...,...,...,...,...,...,1123,1194,...,1188,,,,,,,,,,,,,,,,,,,,,,,,,,,,1
12,Algeria,...,...,...,...,...,...,...,...,...,...,6100,6100,6100,6100,6300,6450,6500,6850,6950,7150,7203,7515,7800,4642.759766,4819.819824,5512.660156,7800,7730,,,,,,,,,,,,,,,,,,,,,,,,,,,,
20,Andorra,...,...,...,...,...,...,...,...,...,...,...,...,...,...,...,...,...,16.60948753,16.39779282,15.4166193,15.82946682,16.04419327,16.58762169,17.15185165,15.44569111,15.66994095,...,...,,,,,,,,,,,,,,,,,,2,2,2,2,2,2,2,2,2,,
28,Antigua and Barbuda,3.380000114,...,...,...,...,0.970000029,...,...,...,...,1.929999948,1.409999967,1.529999971,1.019999981,2.75999999,3.049999952,2.980000019,3.279999971,3.529999971,3.950000048,3.789999962,3.75999999,3.809999943,2.769999981,1.080000043,1.25,...,...,,,,,,,,,,,,,,,,,,,,,,,,,,,,
51,Armenia,3942,...,...,...,...,2331,2077,2250.699951,2144,2146,2171.199951,2025.699951,2092.5,2075.699951,2502.699951,2670.600098,2806.899902,3012.100098,2873.5,2504.699951,2326.399902,2438.300049,2941.199951,2955.100098,2860.199951,3271.699951,3181.899902,2865.399902,,,,,,,,,,,,,,,,,,,,,,,,,,,,
36,Australia,...,...,...,...,15055,24071,...,24071,...,...,...,22196,...,...,...,13280,...,...,...,14613,13842,13702,16351,20133,19364,18222,16813.7168,...,,,,,,,,,,,,,,,,,,,,,,,,,,,,
31,Azerbaijan,15463,...,...,...,...,13788,13462,12514,10235,11777,10990,9923,9919,10518,11175,11800,12144,12085,11530,11140,10970,11296,11975,11994,11592,11689,11878,12120,,,,,,,,,,,,,,,,,,,,,,,,,,,,
48,Bahrain,219.5,...,...,...,...,...,...,...,...,...,...,...,...,...,231.6000061,208.5,216.5,199.8999939,182.8999939,169.1000061,181.8000031,186.6000061,178.6000061,182.1999969,179.1000061,159.1000061,...,...,,,,,,,,,,,,,,,,,,,,,,,,,,,,
50,Bangladesh,...,...,...,...,...,...,...,...,...,...,...,...,...,...,11.89999962,12,12.5,14.19999981,16.20000076,51.22999954,55.24000168,59.16999817,61.56000137,63.88999939,65.34999847,953.7199707,...,...,,,,,,,,,,,,,,,3,3,3,3,3,4,4,4,4,4,4,5,,
52,Barbados,61.20000076,...,...,...,...,61.20000076,58.79999924,58.5,52.90000153,52.70000076,51.59999847,...,...,...,...,...,...,...,...,...,...,...,...,...,...,...,...,...,,,,,,,,,,,,,,,,,,,,,,,,,,,,
112,Belarus,...,...,...,...,...,...,...,...,...,...,...,...,...,...,1791,1773,1729,1699,1638,1573,1598,1638,1642,1570,1571,1448,...,...,,,,,,,,,,,,,,,,,,,,,,,,,,,,
56,Belgium,...,...,...,...,7010,8248,7551.5,7689.700195,7479.799805,7211.700195,7536,6995,6738,6666,6447,6389,6445,6217,6129,6005,5953,5082,5301,4829,4557,3994,...,...,,,,,,,,,,,1,1,1,1,1,1,1,1,1,1,1,1,1,1,1,1,,
84,Belize,...,...,...,...,...,8.538473129,8.42216301,8.266961098,8.514526367,8.420000076,8.594140053,9.431160927,11.16121006,10.68808079,10.59000015,10.14269447,9.778499603,10.25,9.902500153,9.441800117,9.480199814,9.635499954,9.876399994,...,...,...,...,...,,,,,,,,,,,,,,,,,,,,,,,,,,,,
60,Bermuda,...,...,...,...,...,...,...,...,...,...,...,...,...,...,...,2.579999924,2.599999905,2.349999905,2.099999905,1.850000024,1.789999962,1.809999943,1.659999967,1.549999952,1.389999986,1.419999957,1.320000052,...,,,,,,,,,,,,,,,,,,,,,,,,,,,,
68,Bolivia (Plurinational State of),...,...,...,...,...,...,...,...,...,...,...,...,...,...,...,...,...,...,...,...,...,249.5167694,269.2640686,306.6969604,312.9861145,323.446228,328.2978821,...,,,,,,,,,,,,,,,,,,,,,,6,6,6,6,7,7,
70,Bosnia and Herzegovina,...,...,...,...,...,...,...,...,...,...,371.7501831,373.6421204,375.5340576,377.4259949,379.0212097,378.7427673,380.3543396,389.5759277,391.8974915,429.8650513,435.3879089,423.591217,437.6753235,435.7796021,412.3840637,418.4923096,...,...,,,,,,,,,,,8,8,8,8,"8,9","8,9","8,9","8,9",8,8,8,8,8,8,8,8,,
72,Botswana,...,...,...,...,...,139.8000031,134.8999939,140.1000061,147.3999939,156.1999969,162.6000061,162.8000031,179.8999939,168.6000061,179.1000061,174.3999939,179.1999969,178.6999969,186.5,185,181.8000031,189.8999939,187.1999969,186.3999939,188,187.8999939,201.3000031,...,,,,,,,,,,,,,,,,,,,,,,,,,,,,
76,Brazil,34022.00781,...,...,...,...,36426.48047,36152.01172,36879.16016,38890.15234,42260.52734,42483.0625,44143.13281,44521.19922,45752.66797,48982.27344,50677.6875,51860.01953,53887.98438,55668.22656,52335.17578,58846.90625,57983.375,65003.01172,65502.86328,69255.75,70270.97656,70016.53125,71566.64844,,,,,,,,,,,,,,,,,,,,,,,,,,,,
100,Bulgaria,10218,8082.629883,7560.399902,7219.580078,7329.169922,6333,7159.299805,7533.509766,7905.220215,6818.100098,6132,5833,6589,6918,6282,6036,6577,6202,6425,6121,5960,6385,5715,5468,5376,5629,5689,5658,,,,,,,,,,,1,1,1,1,1,1,1,1,1,1,1,1,1,1,1,1,1,1
120,Cameroon,...,...,...,...,...,...,...,...,...,...,...,...,...,...,104.1399994,109.8499985,106.4499969,159.2799988,91.88230133,131.5863953,...,...,...,...,...,...,...,...,,,,,,,,,,,,,,,10,10,10,10,10,10,,,,,,,,
124,Canada,...,45090,...,...,...,47250,42214,...,...,...,...,...,...,...,...,40026.19922,...,39453.80078,...,31513.19922,...,33335.5,...,35850.30078,...,...,...,...,,11,,,,11,11,,,,,,,,,,,,,,,,,,,,,
136,Cayman Islands,...,...,...,...,...,...,...,...,...,...,...,...,...,...,0.029541461,0.025795847,0.025750557,0.018523101,0.0263559,0.0108174,0.0043517,0.0046928,0.0020656,0.0051268,0.0023184,0.003093,...,...,,,,,,,,,,,,,,,,,,,,,,,,,,,,
140,Central African Republic,...,...,...,...,...,...,...,...,...,...,...,...,...,...,...,...,...,...,...,18.20599937,...,...,...,...,...,...,...,...,,,,,,,,,,,,,,,,,,,,,,,,,,,,
156,China,...,...,...,...,...,...,...,...,...,559055,550960,554560,547680,530410,553060,561100,577220,579300,588120,593399,598890,606240,608660,613350,603740,603870,596940,596220,,,,,,,,,,,,,,,,,,,,,,,,,,,,
344,"China, Hong Kong Special Administrative Region",221,...,...,...,...,303,188,224,238,106,261,301,252,252,111,298,320,187,332,220,228,103,217,336,228,226,...,...,,,,,,,,,,,,,,,,,,,,,,,,,,,,
446,"China, Macao Special Administrative Region",2.720000029,...,...,...,...,3.410000086,3.160000086,3.900000095,2.569999933,2.690000057,2.730000019,2.289999962,1.200000048,1.24000001,1.120000005,1.590000033,2.519999981,6.239999771,6.949999809,6.010000229,3.089999914,0.790000021,1.610000014,3.599999905,4.090000153,3.210000038,...,...,12,,,,,12,12,12,12,12,12,12,12,12,12,12,12,12,12,12,12,12,12,12,12,12,,
170,Colombia,...,...,...,...,...,...,...,...,...,...,...,...,...,...,...,...,...,...,...,...,...,...,...,...,139957.2344,143598.0469,154283.5156,...,,,,,,,,,,,,,,,,,,,,,,,,,,,,
188,Costa Rica,...,...,...,...,...,...,...,...,...,...,...,...,...,...,...,140.0224152,204.237442,268.5826721,384.4632568,486.416748,853.3330688,1066.21228,1246.022095,1347.408447,1656.326782,1992.942749,2885.914795,2917.066895,,,,,,,,,,,,,,,,,,,,,,,,,,,,
191,Croatia,...,...,...,...,...,...,...,...,...,...,...,...,...,...,...,...,...,...,663,690,675,672,661,705,691,683,666,673,,,,,,,,,,,,,,,,,,,1,1,1,1,1,1,1,1,1,1
192,Cuba,...,...,...,...,...,...,...,...,...,...,...,...,...,...,5340,3813,5401,5443,6481,6812,6700,6553,7574,8022,8024,6037,5989,6661,,,,,,,,,,,,,,,13,13,13,13,13,13,13,13,13,13,13,13,13,13
531,Curaçao,...,...,...,...,...,...,...,...,...,...,...,43161,...,...,...,...,...,...,...,...,...,54936,...,...,...,...,...,...,,,,,,,,,,,,,,,,,,,,,,,,,,,,
196,Cyprus,...,...,...,...,...,...,...,...,176.6000061,199.8999939,196,202,220,242,267,235,233,216,160,184,201,221,255,255,217,232,218,216,,,,,,,,,,,1,1,1,1,1,1,1,1,1,1,1,1,1,1,1,1,1,1
203,Czechia,3623,...,...,...,...,2743,2569.699951,2492.5,2276.800049,1975.800049,1918,1839,1908,2116,2028,1949,1937,1969,1988,1947,1951,1887,1841,1650,1650,1603,1636,1630,,,,,,,,,,,1,1,1,1,1,1,1,1,1,1,1,1,1,1,1,1,1,1
384,Côte d'Ivoire,1262,...,...,...,...,...,...,...,...,...,...,...,...,...,...,...,...,...,...,...,...,...,...,...,...,...,...,...,,,,,,,,,,,,,,,,,,,,,,,,,,,,
208,Denmark,1261,907,...,...,...,887,961,932.5,753.7999878,700.9000244,726,708,668,651,677,644,676,571,696,660,809,866,728,1009,989,812,741,...,,,,,,,,,,,1,1,1,1,1,1,1,1,1,1,1,1,1,1,1,1,1,
218,Ecuador,...,...,...,...,...,...,...,...,...,...,...,...,...,...,...,...,...,...,...,...,...,...,3898.629883,...,...,...,...,...,,,,,,,,,,,,,,,,,,,,,,,,,,,,
818,Egypt,...,...,...,...,...,...,...,...,...,...,...,...,...,57914,58764,58984,59484,60504,63649,64149,62000,63000,63200,62200,62400,62400,...,...,,,,,,,,,,,,,,,,,,,,,,,,,,,,
222,El Salvador,...,...,...,...,...,...,...,...,...,...,...,...,...,...,...,...,...,...,...,373724.125,364708.9063,366061.0938,364655.1875,362964,...,...,...,...,,,,,,,,,,,,,,,,,,,,,,,,,,,,
233,Estonia,3215,2971,2630,2006,1911,1780,1630,1628,1598,1527,1471,1471,1413,1704,1750,1578,1560,1834,1605,1388,1842,1874,1631,1748,1724,1616,1756,1789,,,,,,,,,,,1,1,1,1,1,1,1,1,1,1,1,1,1,1,1,1,1,1
231,Ethiopia,50.06000137,...,...,...,...,57.93999863,56.36000061,58.43999863,53.86999893,64.01000214,63.02999878,65.80000305,...,...,...,...,...,...,...,...,...,...,...,...,...,...,...,...,"14,15,16",,,,,"14,16","14,16","14,16","14,16","14,16","14,16","14,16",,,,,,,,,,,,,,,,
246,Finland,2327,2657,2192,2331,2516.699951,2535,...,...,...,2328.199951,...,...,...,...,...,...,6562,...,...,...,...,...,...,...,...,...,...,...,,,,,,,,,,,,,,,,,1,,,,,,,,,,,
250,France,...,39323,39218,39379,40670,...,...,...,...,...,32715,33544,32363,35397,33715,33872,32552,31310,29203,29585,28339,28316,30008,27828,27075,28122,26537,...,,,,,,,,,,,1,1,1,1,1,1,1,1,1,1,1,1,1,1,1,1,1,
254,French Guiana,...,...,...,...,...,...,...,...,...,...,...,...,...,...,...,...,...,...,...,...,...,...,18.89453316,18.11110306,18.41652298,...,...,...,,,,,,,,,,,,,,,,,,,,,,,,,,,,
268,Georgia,3858,...,...,...,...,1999.5,2315.600098,1633.699951,2686,2517,2010,2052.100098,1551.199951,1260,1327,1523,1684,1700,1823,1853,1950,2304,2412,2117,2070,1863,2110,1805,,,,,,,,,,,,,,,,,,,,,,,,,,,,
276,Germany,...,46272,...,...,...,43374,...,...,40591,...,...,38006,...,...,35557,...,...,32301,...,...,33036,...,...,25327,...,...,24440,...,,,,,,,,,,,,1,,,1,,,1,,,1,,,1,,,1,
300,Greece,7862.299805,7733.600098,8038,7734.799805,...,7787.399902,7721.299805,8695.400391,...,...,9924.400391,9773.700195,9259.400391,9456,9576.299805,9653.900391,9447.299805,9538.599609,...,...,...,9934.610352,9934.910156,9924.509766,9916.299805,9907.740234,...,...,,,,,,,,,,,,,,,,,,,,,,17,17,17,17,17,,
312,Guadeloupe,...,...,...,...,...,...,60.97999954,...,...,55.31000137,...,...,...,...,...,...,...,...,...,...,...,...,82.76777649,85.06218719,81.85516357,89.86505127,...,...,,,,,,,,,,,,,,,,,,,,,,,,,,,,
320,Guatemala,...,...,...,...,...,...,...,...,...,...,...,19811.53906,20732.98828,21449.33398,...,21559.80078,24841.0293,26503.69531,27836.70898,27583.73633,28112.31055,...,...,...,...,...,...,...,,,,,,,,,,,,,,,,,,,,,,,,,,,,
324,Guinea,...,...,...,...,...,...,...,...,...,...,...,...,...,...,...,43.04738617,45.88993454,49.78227234,84.003479,71.47441101,77.41930389,79.1182785,81.11797333,81.42807007,83.42690277,82.83811951,85.42287445,88.90081787,,,,,,,,,,,,,,,,18,18,18,18,18,,,,,,,,
328,Guyana,...,...,...,...,...,...,...,...,...,...,...,...,...,...,70.06147766,95.16257477,100.3431854,109.4890671,117.2743607,109.1978989,...,...,135,...,...,...,...,...,,,,,,,,,,,,,,,,,,,,,,,,,,,,
340,Honduras,...,...,...,...,...,...,...,...,...,...,...,...,...,895.1699829,934.3499756,...,...,...,...,...,...,...,...,...,...,...,...,...,,,,,,,,,,,,,,,,,,,,,,,,,,,,
348,Hungary,...,...,7136.899902,6637.799805,6258.799805,6054.399902,6010.799805,5767.399902,5771.399902,5540,...,...,...,...,...,4929,4917,5279,5432,6342,5370,5225,5051,5250,3923,4030,3959,...,,,,,,,,,,,,,,,,1,1,1,1,1,1,1,1,1,1,1,1,
352,Iceland,167,...,167,167,164,165,162,160,161,162,163,164,165,165,165,165,...,...,...,...,3303,3515,3571,3486,3011,...,...,...,,,,,,,,,,,1,1,1,1,1,1,,,,,1,1,1,1,1,,,
360,Indonesia,764,...,...,...,...,1158,1460,1510,1684,1466,1512,1658,2095,2303,2144,2353,...,...,...,...,...,...,...,...,...,...,...,...,,,,,,,,,,,,,,,,,,,,,,,,,,,,
368,Iraq,...,...,...,...,...,...,...,...,...,...,...,...,...,...,...,...,64000,58700,51800,41400,47400,44700,49000,48900,46810,37150,41010,43820,,,,,,,,,,,,,,,,,,,,,,,,,,,,
372,Ireland,...,...,...,...,1176,...,...,...,...,...,...,...,...,...,...,799,...,730,...,757,...,...,...,...,...,...,...,...,,,,,,,,,,,,,,,,1,,1,,1,,,,,,,,
376,Israel,1780,...,...,...,...,1812,...,...,...,...,1727,1609,1624,1682,1803,1728,1637,1689,1595,1313,1340,1266,1318,1296,1271,1145,...,...,,,,,,,,,,,,,,,,,,,,,,,,,,,,
380,Italy,...,...,...,...,...,...,...,...,41982,...,...,...,...,...,...,...,...,...,...,...,...,...,...,...,...,...,...,...,,,,,,,,,,,,,,,,,,,,,,,,,,,,
388,Jamaica,...,...,...,...,...,...,...,...,...,...,...,...,...,...,...,...,...,...,...,...,1203,...,...,...,1550,830,1350,...,,,,,,,,,,,,,,,,,,,,,,,,,,,,
392,Japan,88906,...,...,...,...,88881,...,...,...,...,86972,85489,84648,83894,83537,83427,83107,82980,82400,81454,81467,80897,80500,80170,80067,...,...,...,,,,,,,,,,,,,,,,,,,,,,,,,,,,
400,Jordan,865.2999878,...,...,...,...,754.4000244,754.1599731,742.7399902,742.710022,732,744.5999756,...,737.4000244,734.7000122,779.5,857.3999634,834.960022,838.1690063,823.3189697,758.1799927,784.7999878,782.8499756,733.6989746,725.5,854.7999878,852.2999878,907.5999756,906.9000244,,,,,,,,,,,,,,,,,,19,19,,,,,,,,,
398,Kazakhstan,...,...,...,...,...,...,...,...,...,...,20999,20830,22262,22962,23640,24797,21244,22814,20474,21538,23812,21948,21389,22530,23078,21661,21634,22454,,,,,,,,,,,,,,,,,,,,,,,,,,,,
404,Kenya,...,...,...,...,...,...,...,...,...,...,...,...,...,...,...,...,...,...,...,...,...,...,...,...,33619.37109,34177.58594,34361.74609,34466.875,,,,,,,,,,,,,,,,,,,,,,,,,20,20,20,20
414,Kuwait,...,...,...,...,...,...,...,...,...,...,...,...,...,...,0.059999999,0.059999999,0.059999999,0.059999999,0.059999999,0.059999999,0.059999999,0.059999999,0.059999999,0.059999999,0.059999999,0.059999999,0.059999999,0.059999999,,,,,,,,,,,,,,,,,,,,,,,,,,,,
417,Kyrgyzstan,11122,...,...,...,...,9308,9600,8467,8847,9179,8026,10390,8463,7555,7851,7888,8007,8530,8469,7601,7562,8634,9544.200195,8326.779297,7658.04248,7569.01416,7333.700195,7657.799805,,,,,,,,,,,,,,,,,,,,,,,,,,,,
428,Latvia,...,654.7000122,622.0999756,495.2000122,455.2000122,418,403.2999878,362.8999939,343.7999878,307.2999878,254,258,256,254,230,238,209,218,229,395,275,369,260,248,168,177,224,209,,,,,,,,,,,1,1,1,1,1,1,1,1,1,1,1,1,1,1,1,1,1,1
422,Lebanon,...,...,...,...,...,...,...,...,...,...,...,...,...,...,1250,1250,...,...,...,...,...,...,...,...,...,...,...,...,,,,,,,,,,,,,,,21,21,,,,,,,,,,,,
440,Lithuania,4311,...,...,4388,3996.899902,4582,5696,4786,5125,4644,3578,2768,3126,3327,3278,2365,2081,2269,2275,2412,761,631,669,443,389,411,340,292,,,,,,,,,,,1,1,1,1,1,1,1,1,1,1,1,1,1,1,1,1,1,1
442,Luxembourg,...,...,...,...,...,57,...,...,...,60.79999924,...,...,...,...,...,...,...,...,...,47,48,46,45,43,46,45,44,...,,,,,,,,,,,,,,,,,,,,1,1,1,1,1,1,1,1,
450,Madagascar,...,...,...,...,...,...,...,...,...,...,14970,...,...,...,...,...,...,17662.59961,...,...,...,...,...,...,...,...,...,...,,,,,,,,,,,22,,,,,,,,,,,,,,,,,
454,Malawi,21.20999908,...,...,...,...,22.77000046,22.28000069,23.10000038,23.88999939,25.04999924,24.94000053,25.65999985,26.55999947,27.96999931,30.88999939,39.86999893,65.1309967,65.22786713,66.56552124,70.2485733,73.42237854,79.63317871,79.39340973,76.35877991,75.38417053,74.30279541,75.31027222,83.11045837,,,,,,,,,,,,,,,,,,,,,,,,,,,,
458,Malaysia,...,...,...,...,...,...,...,...,...,...,...,...,...,...,...,...,...,5276.75,5370.541504,5383.676758,5537.409668,5660.667969,5824.217773,6125.864258,6204.19043,6225.921875,6552.499512,6707.030762,,,,,,,,,,,,,,,,,,,,,,,23,23,23,23,23,
466,Mali,...,...,...,...,...,...,...,...,...,...,...,...,...,...,...,...,21273,...,...,...,5363.305176,6618.583008,6870.058105,7124.777832,8802.540039,23471.13281,25133.57617,20606.06836,,,,,,,,,,,,,,,,,,,,,,,,,,,,
470,Malta,...,...,...,...,...,39,21.5,20.39999962,18.29999924,18.79999924,...,36,35,32,32,32,33,37,36,32,41,38,40,46,45,42,42,43,,,,,,,,,,,,1,1,1,1,1,1,1,1,1,1,1,1,1,1,1,1,1
474,Martinique,...,...,...,...,...,...,...,73.04000092,...,...,...,...,...,...,...,50.1269989,56.49700165,59.02899933,58.06800079,55.11000061,59.68999863,52.43902206,56.47392654,53.99672699,57.21660614,59.94815445,...,...,,,,,,,,,,,,,,,,,,24,,,,,,,,,,
480,Mauritius,621,...,...,...,...,650,630,620,639,516,677,677,726,725,725,691,682,630,616,632,637,571,582,608,620,612,620,610,,,,,,,,,,,,,,,,,,,,,,,,,,,,
484,Mexico,...,...,...,...,73641,73672,...,70518,79355,78593,70427.67969,68829.64844,72650.78125,74687.34375,75433.17969,76508.42188,77322.04688,78949.5625,79752.28125,80587,80213.45313,81588.14844,82733.71094,81651.19531,84928.80469,85664.25,86576.75,...,,,,,,,,,,,,25,,,,,,,,,,,,,,,,
492,Monaco,0.860000014,...,...,...,...,1.813212991,2.460000038,1.929999948,1.789999962,1.681105018,2.016366959,2.327685118,1.832609057,1.779371977,1.665372968,1.333403945,1.549999952,1.070000052,1.610000014,2.49000001,2.589999914,2.279999971,1.580000043,2.596999884,2.562000036,1.975999951,0.994000018,0.939999998,,,,,,,,,,,,,,,,,,,,,,,,,,,,
499,Montenegro,...,...,...,...,...,...,...,...,...,...,...,...,...,...,...,...,...,...,...,...,65.90000153,99.69999695,113.9000015,...,...,...,...,...,,,,,,,,,,,,,,,,,,,,,,,,,,,,
504,Morocco,...,...,...,...,...,...,...,...,...,...,6103,5839,6251,6555,8213,7498,8079,7648,7114,7672,8430,...,...,...,...,...,...,...,,,,,,,,,,,,,,,,,,,,,,,,,,,,
528,Netherlands,7800,7800,...,...,...,...,6507,...,...,...,...,8915,...,10640,11682,11539,11048,10949,10708,11411,10931,10188,10739,10639,9408,8411,7989,...,,,,,,,,,,,,1,,1,1,1,1,1,1,1,1,1,1,1,1,1,1,
554,New Zealand,...,...,...,...,...,...,...,...,...,3139.599854,...,...,...,...,...,...,4907.699707,...,...,...,5200.5,...,...,...,9874.349609,...,...,...,,,,,,,,,,,,,,,,,,,,,,,,,25,,,
566,Nigeria,...,...,...,...,...,...,...,...,...,...,...,...,...,...,...,...,...,...,...,...,38330.44141,...,...,...,...,...,...,...,,,,,,,,,,,,,,,,,,,,,,,,,,,,
807,North Macedonia,1846.699951,...,...,...,...,1809.099976,...,...,...,...,692,668,633,826,1675,1157,900,551,716,1047,…,…,…,2537.800049,513,...,…,...,"26,27",,,,,"26,27",,,,,1,1,1,1,1,1,1,1,1,1,,,,"26,27",1,,,
512,Oman,940,...,...,...,...,999,...,...,...,...,1104,...,...,...,...,...,...,...,...,...,...,...,...,...,...,...,...,...,,,,,,,,,,,,,,,,,,,,,,,,,,,,
586,Pakistan,...,...,...,...,...,...,...,...,189180,198505,193177,168643,160230,180620,188934,167681,190513,187836,188452,179756,181261,175563,178449,179658,188145,191216,192202,192326,,,,,,,,,,,,,,,,,,,,,,,,,,,,
591,Panama,...,...,...,...,...,...,...,...,...,...,11837.32031,7857.52002,9815.919922,9336.977539,11553.10156,11771.30957,12993.97461,13544.78027,13108.11035,12688.32129,17758.31055,21233.98047,26753.58984,25184.15039,30939.19922,28019.33984,33339.91016,37672.96094,,,,,,,,,,,,,,,,,,,,,,,,,,,,
604,Peru,544.7000122,631.2000122,527,647.4000244,729.2999878,666.7999878,678.7999878,642.4000244,705.2999878,682.5,677.7999878,660.4000244,649,662.4000244,623.2000122,669.7000122,664.7999878,650.7999878,658.7999878,671.5999756,680.9000244,683.2000122,682.4000244,680,687.5999756,713.5,714.7000122,699,28,28,28,28,28,28,28,28,28,28,28,28,28,28,28,28,28,28,28,28,28,28,28,28,28,28,28,28
608,Philippines,62310.01953,...,...,...,...,64452.30078,69197.625,69637.94531,73582.52344,75309.60938,75936.36719,76566.35938,77195.53125,77483.92969,79383.10938,80628.6875,80869.02344,81766.57813,83096.83594,83254.88281,83116.90625,83900.44531,84090.30469,199081.0469,199706.2188,200675.5156,...,...,,,,,,,,,,,,,,,,,,,,,,,,29,,,,
616,Poland,15164,14042.7002,13394.09961,13067.40039,12891,12924,12892.2998,12798.90039,12245.40039,12245.5,11994,11599,11728,11548,11477,11522,12257,12027,11365,11517,11645,11911,11478,11243,11308,11094,11153,10652,,,,,,,,,,,1,1,1,1,1,1,1,1,1,1,1,1,1,1,1,1,1,1
620,Portugal,7288,8600,...,...,...,...,...,...,11090,...,...,...,...,...,...,...,...,...,...,...,...,...,...,...,...,...,...,4837,,,,,,,,,,,,,,,,,,,,,,,,,,,,1
634,Qatar,0,...,...,...,...,0,0,0,0,0,0,236.4981232,231.7704163,217.539917,220.2964325,247.5649567,246.6733093,246.6660767,248.6716003,247.0550232,248.2200012,249.5299988,250.2100067,250.0800018,250.2799988,250,250,250,,,,,,,,,,,,,,,,,,,,,,,,,,,,
410,Republic of Korea,19694,...,...,...,23700,24359,...,25443.37109,26020,...,20625,...,29163,29163,...,21020,20265,18665,22063,22699,19564,19535,21222,23871,25100,...,...,...,,,,,,,,,,,,,,,,,,,,,,,,,,,,
498,Republic of Moldova,3918,...,...,...,...,2005,1891,1513,1263,999,918,874,866,864,852,852,854,885,861,865,851,848,850,839,837,840,843,840,,,,,,,,,,,,,,,,,,,,,,,,,,,,
642,Romania,17510,10835,10884,10180,9840,10300,10450,9260,9051,8570,7967,7343,7239,6500,5850,5301,5330,6884,7220,6876,6219,6592,6482,6418,6269,6458,6364,6762,,,,,,,,,,,1,1,1,1,1,1,1,1,1,1,1,1,1,1,1,1,1,1
643,Russian Federation,110402,...,...,...,...,91921,87367,84845,82973,82064,80784,78736,78411,76855,74209,74366,74305,74633,74354,69915,72687,68652,66296,65104,64807,62163,63000,62648,,,,,,,,,,,,,,,,,,,,,,,,,,,,
638,Réunion,...,...,...,...,...,...,...,...,...,...,...,...,...,...,...,...,...,...,...,...,222.0339966,222.1809998,225.6273193,215.6755676,216.2955627,199.7171021,...,...,,,,,,,,,,,,,,,,,,,,,24,24,30,30,30,30,,
659,Saint Kitts and Nevis,...,...,...,...,...,...,...,...,...,...,...,5.75,5.650000095,5.824999809,5.876999855,6.46999979,6.896999836,6.089000225,6.968999863,7.066999912,7.402999878,8.116000175,7.671000004,...,...,...,...,...,,,,,,,,,,,,,,,,,,,,,,,,,,,,
670,Saint Vincent and the Grenadines,7.070000172,...,...,...,...,7.369999886,7.650000095,7.690000057,7.769999981,8.489999771,8.529999733,...,...,...,...,...,...,...,...,...,...,...,...,...,...,...,...,...,15,,,,,15,15,15,15,15,15,,,,,,,,,,,,,,,,,
882,Samoa,...,...,...,...,...,...,...,...,...,...,...,...,...,...,...,...,...,...,...,...,...,...,116.1699982,137,121.4800034,...,...,...,,,,,,,,,,,,,,,,,,,,,,,,,,,,
682,Saudi Arabia,...,...,...,...,...,...,...,...,...,...,...,...,...,...,...,...,...,...,...,...,15969,17492,19145,20483,21475,22771,21770,20921,,,,,,,,,,,,,,,,,,,,,,,,,,,,
686,Senegal,...,...,...,...,...,...,...,...,...,...,...,...,...,...,...,...,...,...,139.697937,141.366745,149.0657349,146.6931305,156.0292206,156.9706726,167.2357788,174.8156433,182.7371216,187.9277802,,,,,,,,,,,,,,,,,,,31,31,31,31,31,31,31,31,31,31
688,Serbia,...,...,...,...,...,...,...,...,...,...,3201,3354,3193,3346,2712,3835,3981,3998,4043,4158,3924,4288,3919,4194,3386,4072,...,...,,,,,,,,,,,,,,,,,,,,,,,,,,,,
703,Slovakia,2116,1732,1665,1585,1405,1386,1371,1310,1226,1162,1172,1138,1094,1041,...,907,763,688,664,628,601,593,665,637,559,574,555,579,,,,,,,,,,,1,1,1,1,,1,1,1,1,1,1,1,1,1,1,1,1,1
705,Slovenia,...,401.7000122,396.5,385.2999878,377.3999939,...,331.3999939,327.5,304.6000061,318.2000122,...,...,899,848,986,924,907,935,1040,943,926,850,781,893,978,895,885,930,,,,,,,,,,,,,1,1,1,1,1,1,1,1,1,1,1,1,1,1,1,1
710,South Africa,...,...,...,...,...,...,...,...,...,...,13242,...,...,...,...,...,...,...,...,...,...,...,...,...,...,...,...,...,,,,,,,,,,,,,,,,,,,,,,,,,,,,
724,Spain,...,36900,...,30750,...,33288,...,34602.5,36838.60156,38280.89844,36537,36119,35940,36598,36080,38030,36328,35573,35373,36122,35310,35069,34309,32346,32916,31556,31260,...,,,,,,,,,,,1,1,1,1,1,1,1,1,1,1,1,1,1,1,1,1,1,
275,State of Palestine,...,...,...,...,...,...,...,...,...,...,...,207,241,...,249,268,275.2000122,286,250.8999939,257.7999878,270.7999878,266.8999939,292.6000061,302.3999939,274.5,291.2000122,...,...,,,,,,,,,,,,,,,,,,,,,,,,,,,,
752,Sweden,2968,2970,2973,2957,2961,2725,2725,2711,2711,2711,2688,2676,2676,2676,2676,2630,2630,2630,...,...,2811,...,...,...,...,2375,...,...,,,,,,,,,,,1,1,1,1,1,1,1,1,,,1,,,,,1,,
756,Switzerland,2665,2696,2695,2569,2595,2570,2554.899902,2558.600098,2565.899902,2560.199951,...,...,...,...,...,...,...,...,...,...,...,...,2005,...,...,...,...,...,,,,,,,,,,,,,,,,,,,,,,,1,,,,,
768,Togo,...,...,...,...,...,...,...,...,...,...,...,...,...,153,...,...,...,...,...,...,...,...,169,...,...,...,...,...,,,,,,,,,,,,,,32,,,,,,,,,32,,,,,
780,Trinidad and Tobago,...,...,...,...,...,...,...,...,...,308.730011,323.9899902,307.0899963,328.5299988,294.7399902,322.1499939,345.230011,345.6600037,344.2200012,350.1400146,331.6000061,301.3999939,...,...,350.2000122,320.5,311.8999939,339.1000061,...,,,,,,,,,,33,33,33,33,34,34,33,33,33,33,,,,,,33,33,33,
788,Tunisia,1721,...,...,...,...,1990,...,...,...,2244,2368,2139,2466,2406,2372,2469,2529,2555,2555,2562,2721,2734,2877,2945,...,...,...,...,35,,,,,35,,,,35,35,35,35,35,35,35,35,35,35,35,35,35,35,35,,,,
792,Turkey,28073,...,...,...,...,33482,34078,35552,37490,...,43650,44450,40016,40849,44903,44684,43718,39678,42008,45130,46956,...,50510,...,51971,...,59613,...,,,,,,,,,,,1,1,1,1,1,1,1,1,1,1,1,,1,,1,,1,
800,Uganda,...,...,...,...,...,...,...,...,...,...,46.06999969,46.65999985,46.90000153,51.40000153,54.84999847,57.74000168,58.09000015,60.54000092,63.58000183,69.18000031,...,...,...,...,...,...,...,...,,,,,,,,,,,"36,37","36,37","36,37","36,37","36,37","36,37","36,37","36,37","36,37","36,37",,,,,,,,
804,Ukraine,34494,...,...,...,...,24986,22606,20195,18234,18919,17466,16704,15492,14124,13776,14255,14416,15356,14804,13656,13916,13694,13822,12884,10899,9109,9325,8635,38,,,,,38,38,38,38,38,38,38,38,38,38,38,38,38,38,38,,,,,,,,
784,United Arab Emirates,...,...,...,...,...,...,...,...,...,...,...,...,...,...,...,...,...,...,...,...,...,...,...,...,...,...,2639,2562,,,,,,,,,,,,,,,,,,,,,,,,,,,,
826,United Kingdom of Great Britain and Northern Ireland,...,...,...,...,...,...,...,...,...,...,...,...,...,...,...,10323,9271,8576,8347,8281,8264,7685,8214,...,7284,...,...,...,,,,,,,,,,,,,,,,1,1,1,1,1,1,1,1,,1,,,
840,United States of America,462249.9063,...,...,...,...,466118.0938,...,...,...,...,482557.9375,...,...,...,...,482972.4063,...,...,...,...,489527.5625,...,...,...,...,...,...,...,,,,,,11,,,,,,,,,,,,,,,,,,,,,,
860,Uzbekistan,61681,...,...,...,...,...,...,...,...,...,...,...,...,...,58457,59476,58617,53006,43870,50225,57169,48751,56096,53977,51794,55138,...,...,,,,,,,,,,,,,,,,,,,,,,,,,,,,
862,Venezuela (Bolivarian Republic of),...,...,...,...,...,...,...,...,...,...,14953.61719,13197.55762,11225.25879,17038.92188,20764.01172,24360.75977,28619.52344,36739.70313,39748.85156,41018.46094,...,...,...,...,...,...,...,...,,,,,,,,,,,,,,,,,,,,,,,,,,,,
887,Yemen,...,...,...,...,...,3942,...,...,...,...,4331,...,...,...,...,4782,...,...,...,...,5305,...,...,...,...,5911,...,...,,,,,,,,,,,,,,,,,,,,,,,,,,,,
894,Zambia,...,...,...,...,...,2431,...,...,...,...,...,...,...,...,...,...,...,...,...,...,...,...,...,...,...,...,...,...,,,,,,,,,,,,,,,,,,,,,,,,,,,,
716,Zimbabwe,33107.64063,...,...,...,...,27045.39453,38103.42188,41901.375,38912.28516,33896.85547,44767.8125,40532.27734,34502.47656,36844.11328,56540.78125,34240.32422,53842.46094,54162,52445.32813,59317.16797,60038.69531,60379.23047,49003.97656,52851.39844,49350.78125,37037.32813,44669.73047,48978.59766,39,,,,,39,39,39,39,39,39,39,39,39,39,39,39,39,39,39,39,39,39,39,39,39,39,39
,,,,,,,,,,,,,,,,,,,,,,,,,,,,,,,,,,,,,,,,,,,,,,,,,,,,,,,,,
,,,,,,,,,,,,,,,,,,,,,,,,,,,,,,,,,,,,,,,,,,,,,,,,,,,,,,,,,
