CountryID,Country,Year,Freshwater,Fresh Groundwater,Fresh Surface Water,Renewable Freshwater Resources,Renewable Freshwater Per Capita,Population Supplied by Water Industry,Precipitation,Evapotranspiration
8,Albania,2014,1123.0,235.0,888.0,37401.0,12913.0,80.0,37172.0,16727.0
8,Albania,2015,1194.0,262.0,932.0,34090.0,11794.0,81.0,32711.0,13412.0
8,Albania,2017,1188.0,107.0,1081.0,33253.0,11529.0,78.0,32224.0,13856.0
31,Azerbaijan,2005,11800.0,798.0,11002.0,29390.59961,3442.0,41.59999847,35252.30078,25427.90039
31,Azerbaijan,2006,12144.0,1073.0,11071.0,35864.60156,4156.0,42.0,40009.0,28831.90039
31,Azerbaijan,2007,12085.0,1112.0,10973.0,33430.30078,3832.0,42.20000076,43126.80078,31082.0
31,Azerbaijan,2008,11530.0,1127.0,10403.0,26951.0,3055.0,42.40000153,38372.5,28108.0
31,Azerbaijan,2009,11140.0,1262.0,9878.0,29207.0,3273.0,44.59999847,44564.0,32163.0
31,Azerbaijan,2010,10970.0,1272.0,9698.0,33773.0,3739.0,44.79999924,43282.0,32642.0
31,Azerbaijan,2011,11296.0,1506.0,9790.0,32562.0,3560.0,45.0,52462.0,40163.0
31,Azerbaijan,2012,11975.0,1696.0,10279.0,26472.0,2857.0,45.20000076,39654.0,28747.0
31,Azerbaijan,2013,11994.0,1738.0,10256.0,24370.0,2597.0,45.70000076,39611.0,29580.0
31,Azerbaijan,2014,11592.0,1819.0,9773.0,23651.0,2488.0,46.29999924,33575.0,23891.0
31,Azerbaijan,2015,11689.0,2016.0,9673.0,22202.0,2307.0,48.40000153,40927.0,32942.0
31,Azerbaijan,2016,11878.0,2075.0,9803.0,25646.0,2634.0,49.90000153,43967.0,33175.0
31,Azerbaijan,2017,12120.0,2066.0,10054.0,20751.0,2108.0,50.90000153,34085.0,25473.0
51,Armenia,2004,2502.699951,722.0,1780.699951,6302.0,2100.0,88.90000153,15287.0,10531.0
51,Armenia,2005,2670.600098,803.0,1867.599976,8457.0,2837.0,89.40000153,18714.0,11320.0
51,Armenia,2006,2806.899902,843.0,1963.900024,6734.0,2276.0,91.30000305,16658.0,11081.0
51,Armenia,2007,3012.100098,858.0,2154.100098,9367.0,3194.0,94.09999847,19221.0,11367.0
51,Armenia,2008,2873.5,852.0,2021.5,4439.0,1526.0,97.0,13378.0,9840.0
51,Armenia,2009,2504.699951,854.4000244,1650.300049,8333.0,2885.0,97.59999847,17713.0,10674.0
51,Armenia,2010,2326.399902,875.7999878,1450.599976,8681.0,3017.0,97.0,19447.0,12549.0
51,Armenia,2011,2438.300049,1002.799988,1435.5,9285.0,3229.0,97.5,19579.0,11066.0
51,Armenia,2012,2941.199951,1314.400024,1626.800049,5822.0,2020.0,96.59999847,15997.0,10816.0
51,Armenia,2013,2955.100098,1348.699951,1606.400024,6379.0,2201.0,98.69999695,16310.0,10773.0
51,Armenia,2014,2860.199951,1312.0,1538.300049,5532.0,1899.0,98.30000305,16493.0,11432.0
51,Armenia,2015,3271.699951,1304.400024,1967.300049,6441.0,2202.0,97.30000305,18506.0,12827.0
51,Armenia,2016,3181.899902,1136.300049,2045.599976,6882.0,2344.0,97.90000153,19012.0,12928.0
60,Bermuda,2006,2.599999905,2.599999905,0.0,3.950000048,61.0,19.0,83.89846039,57.05095673
60,Bermuda,2007,2.349999905,2.349999905,0.0,3.680000067,57.0,19.0,78.04572296,53.0710907
60,Bermuda,2008,2.099999905,2.099999905,0.0,3.630000114,56.0,19.0,77.05186462,52.39526749
60,Bermuda,2009,1.850000024,1.850000024,0.0,3.640000105,57.0,19.0,77.28652191,52.55483627
60,Bermuda,2010,1.789999962,1.789999962,0.0,3.00999999,47.0,19.0,63.89700317,43.44996262
60,Bermuda,2011,1.809999943,1.809999943,0.0,2.640000105,42.0,19.0,56.0,38.08000183
60,Bermuda,2012,1.659999967,1.659999967,0.0,2.640000105,42.0,19.0,68.01000214,46.24679947
60,Bermuda,2013,1.549999952,1.549999952,0.0,2.640000105,41.0,19.0,85.19000244,57.92919922
60,Bermuda,2014,1.389999986,1.389999986,0.0,2.640000105,41.0,19.0,94.19000244,64.04920197
60,Bermuda,2015,1.419999957,1.419999957,0.0,2.599999905,41.0,19.0,78.36000061,53.28480148
60,Bermuda,2016,1.320000052,1.320000052,0.0,2.599999905,41.0,19.0,98.80999756,67.19080353
70,Bosnia and Herzegovina,2004,379.0212097,320.8211975,58.20000076,26449.32031,6995.0,43.51981354,36674.0,22004.0
70,Bosnia and Herzegovina,2005,378.7427673,323.0127869,55.72999954,27303.49023,7220.0,44.74758911,37955.0,22773.0
70,Bosnia and Herzegovina,2006,380.3543396,325.2043457,55.15000153,21963.39453,5811.0,44.86376953,29945.0,17967.0
70,Bosnia and Herzegovina,2007,389.5759277,327.3959045,62.18000031,23626.66992,6260.0,45.67636108,32440.0,19464.0
70,Bosnia and Herzegovina,2008,391.8974915,329.5874939,62.31000137,21875.31445,5812.0,46.54005051,29813.0,17888.0
70,Bosnia and Herzegovina,2009,429.8650513,331.7790527,98.08599854,26178.93555,6987.0,49.2691803,36268.0,21761.0
70,Bosnia and Herzegovina,2010,435.3879089,328.559906,106.8280029,53907.0,14483.0,51.20346451,78837.0,26930.0
70,Bosnia and Herzegovina,2011,423.591217,302.1762085,121.4150009,14614.0,3962.0,53.17926025,35201.0,22587.0
70,Bosnia and Herzegovina,2012,437.6753235,304.484314,133.1909943,29393.0,8057.0,55.0,52792.0,25399.0
70,Bosnia and Herzegovina,2013,435.7796021,306.7556152,129.0240021,36371.0,10267.0,62.0,60371.0,26000.0
70,Bosnia and Herzegovina,2014,412.3840637,300.0090637,112.375,50727.0,14568.0,64.0,75610.0,26883.0
70,Bosnia and Herzegovina,2015,418.4923096,310.6203003,107.8720016,26008.0,7584.0,64.0,48982.0,24974.0
76,Brazil,2011,57983.375,7103.615723,49492.41406,6046432.5,30432.0,66.90000153,15303330.0,11628461.0
76,Brazil,2012,65003.01172,7233.001953,55862.65234,4163652.25,20760.0,79.90000153,13553210.0,12064854.0
76,Brazil,2013,65502.86328,7298.993164,54913.25391,6009135.0,29891.0,79.59999847,15175348.0,11754489.0
76,Brazil,2014,69255.75,7195.035156,57241.46094,5715099.5,28186.0,83.30000305,14560268.0,11799024.0
76,Brazil,2015,70270.97656,7027.419922,56770.83984,4043114.75,19773.0,83.30000305,12728817.0,11760121.0
76,Brazil,2016,70016.53125,7005.677734,56040.0,4047405.75,19632.0,83.30000305,13162370.0,11719974.0
84,Belize,2004,10.59000015,1.610000014,8.979999542,3395.0,12297.0,57.43119812,40278.0,36883.0
84,Belize,2005,10.14269447,1.653407693,8.489287376,12972.0,45793.0,57.26739883,49017.0,36045.0
100,Bulgaria,2012,5715.0,566.0,5149.0,83710.0,11451.0,99.0,74630.0,58179.0
100,Bulgaria,2013,5468.0,558.0,4910.0,109659.0,15042.0,99.0,70865.0,54681.0
100,Bulgaria,2014,5376.0,547.0,4829.0,118740.0,16388.0,99.0,115306.0,90476.0
100,Bulgaria,2015,5629.0,558.0,5071.0,105982.0,14720.0,99.0,82073.0,52052.0
100,Bulgaria,2016,5689.0,561.0,5128.0,102083.0,14273.0,99.0,74713.0,56314.0
100,Bulgaria,2017,5658.0,582.0,5076.0,82095.0,11559.0,99.0,84411.0,70207.0
188,Costa Rica,2008,384.4632568,47.26379776,337.1994629,121639.8125,27461.0,94.69000244,174368.9844,52729.17969
188,Costa Rica,2009,486.416748,61.94382858,424.4729309,106538.5391,23737.0,95.19999695,152721.5313,46182.98828
188,Costa Rica,2010,853.3330688,81.94768524,771.385376,136020.5625,29926.0,90.73000336,194983.625,58963.05078
188,Costa Rica,2011,1066.21228,100.8134537,965.3988647,110256.0078,23966.0,91.84999847,158050.4844,47794.46875
188,Costa Rica,2012,1246.022095,125.2486267,1120.773438,95862.78906,20597.0,92.69000244,137417.9844,41555.19922
188,Costa Rica,2013,1347.408447,152.5314484,1194.876953,96053.95313,20256.0,94.60401917,137692.0156,41638.07031
188,Costa Rica,2014,1656.326782,216.4719238,1439.854858,112310.9297,23421.0,95.07258606,160996.1875,48685.25
188,Costa Rica,2015,1992.942749,249.5137177,1743.429077,106960.0469,22064.0,94.91223145,153325.7656,46365.71094
188,Costa Rica,2016,2885.914795,366.8353271,2519.079346,104994.4922,21430.0,95.26999664,150508.1563,45513.67188
188,Costa Rica,2017,2917.066895,381.4477234,2535.619141,109827.4688,22188.0,95.20999908,157436.1563,47608.69141
191,Croatia,2011,672.0,470.0,202.0,112660.0,26119.0,86.0,66680.0,39600.0
192,Cuba,2004,5340.0,1600.0,3740.0,24593.0,2183.0,91.59999847,102002.0,77410.0
192,Cuba,2005,3813.0,1485.0,2328.0,64761.0,5739.0,91.59999847,160396.0,95635.0
192,Cuba,2006,5401.0,1836.0,3565.0,51987.0,4602.0,92.09999847,143146.0,91159.0
192,Cuba,2007,5443.0,2286.0,3157.0,74581.0,6598.0,92.40000153,173896.0,99316.0
192,Cuba,2008,6481.0,2336.0,4145.0,57021.0,5042.0,92.40000153,150892.0,93871.0
192,Cuba,2009,6812.0,2169.0,4643.0,32920.0,2908.0,94.5,114559.0,81639.0
192,Cuba,2010,6700.0,2749.0,3951.0,48436.0,4274.0,92.69999695,137896.0,89461.0
192,Cuba,2011,6553.0,2375.0,4178.0,45387.0,3997.0,92.30000305,134831.0,89445.0
192,Cuba,2012,7574.0,3043.0,4531.0,59447.0,5223.0,93.40000153,153841.0,94395.0
192,Cuba,2013,8022.0,2867.0,5155.0,51732.0,4585.0,93.59999847,142297.0,90566.0
192,Cuba,2014,8024.0,2928.0,5096.0,49901.0,4413.0,95.19999695,139333.0,89448.0
192,Cuba,2015,6037.0,2814.0,3223.0,44266.0,3909.0,95.5,129751.0,85505.0
192,Cuba,2016,5989.0,2634.0,3355.0,45712.0,4033.0,95.5,133613.0,87921.0
192,Cuba,2017,6661.0,2784.0,3877.0,66930.0,5903.0,95.59999847,163527.0,96617.0
196,Cyprus,2004,267.0,172.0,95.0,323.0,320.0,100.0,3227.0,2904.0
196,Cyprus,2005,235.0,140.0,95.0,230.0,224.0,100.0,2303.0,2073.0
196,Cyprus,2006,233.0,140.0,93.0,233.0,223.0,100.0,2326.0,2094.0
196,Cyprus,2007,216.0,145.0,71.0,277.0,260.0,100.0,2767.0,2490.0
196,Cyprus,2008,160.0,130.0,30.0,165.0,153.0,100.0,1648.0,1483.0
196,Cyprus,2009,184.0,145.0,39.0,374.0,341.0,100.0,3745.0,3370.0
196,Cyprus,2010,201.0,140.0,61.0,257.0,231.0,100.0,2570.0,2313.0
196,Cyprus,2011,221.0,155.0,66.0,335.0,298.0,100.0,3348.0,3013.0
196,Cyprus,2012,255.0,155.0,100.0,474.0,418.0,100.0,4737.0,4263.0
196,Cyprus,2013,255.0,140.0,115.0,177.0,155.0,100.0,1770.0,1593.0
196,Cyprus,2014,217.0,135.0,82.0,236.0,205.0,100.0,2358.0,2122.0
196,Cyprus,2015,232.0,150.0,82.0,290.0,250.0,100.0,2904.0,2614.0
196,Cyprus,2016,218.0,155.0,63.0,258.0,220.0,100.0,2580.0,2322.0
196,Cyprus,2017,216.0,155.0,61.0,196.0,166.0,100.0,1956.0,1760.0
203,Czechia,2004,2028.0,402.0,1626.0,12796.0,1250.0,92.0,53629.0,41473.0
203,Czechia,2005,1949.0,385.0,1564.0,15639.0,1525.0,92.0,57730.0,42872.0
203,Czechia,2006,1937.0,379.0,1557.0,19290.0,1873.0,92.0,55837.0,37617.0
203,Czechia,2007,1969.0,381.0,1589.0,13987.0,1351.0,92.0,59544.0,46194.0
203,Czechia,2008,1988.0,380.0,1608.0,10901.0,1046.0,92.0,49105.0,38689.0
203,Czechia,2009,1947.0,376.0,1572.0,11933.0,1138.0,93.0,59046.0,47826.0
203,Czechia,2010,1951.0,377.0,1573.0,25110.0,2383.0,93.0,68329.0,43988.0
203,Czechia,2011,1887.0,378.0,1508.0,13980.0,1323.0,94.0,49000.0,35500.0
203,Czechia,2012,1841.0,379.0,1461.0,13065.0,1234.0,94.0,54812.0,42239.0
203,Czechia,2013,1650.0,371.0,1279.0,19885.0,1878.0,94.0,57336.0,38296.0
203,Czechia,2014,1650.0,361.0,1289.0,8511.0,804.0,94.0,51420.0,43297.0
203,Czechia,2015,1603.0,366.0,1237.0,10020.0,945.0,94.0,41643.0,32021.0
203,Czechia,2016,1636.0,363.0,1273.0,11750.0,1107.0,94.0,50048.0,38700.0
203,Czechia,2017,1630.0,369.0,1261.0,14506.0,1363.0,95.0,53397.0,39230.0
233,Estonia,2006,1560.0,236.0,1324.0,7635.0,5659.0,72.0,23515.0,15879.0
233,Estonia,2012,1631.0,274.0,1357.0,29946.0,22602.0,82.0,38917.0,18532.0
233,Estonia,2013,1748.0,213.0,1535.0,19958.0,15130.0,82.0,25719.0,16362.0
250,France,2008,29203.0,5824.0,23379.0,216685.0,3476.0,99.0,562080.0,358245.0
250,France,2010,28339.0,5983.0,22356.0,212978.0,3379.0,99.0,502397.0,301180.0
250,France,2011,28316.0,5908.0,22408.0,135698.0,2142.0,99.0,428158.0,301912.0
250,France,2012,30008.0,5608.0,24400.0,213022.0,3347.0,99.0,516008.0,316271.0
250,France,2013,27828.0,5621.0,22207.0,280347.0,4388.0,99.0,578552.0,313246.0
276,Germany,2004,35557.0,6033.0,29524.0,174000.0,2129.0,99.0,287000.0,178000.0
276,Germany,2007,32301.0,5825.0,26476.0,206000.0,2532.0,99.0,333000.0,198000.0
276,Germany,2010,33036.0,5841.0,27195.0,189000.0,2336.0,99.0,300000.0,182000.0
276,Germany,2013,25327.0,5916.0,19411.0,181000.0,2230.0,99.0,276000.0,175000.0
344,"China, Hong Kong Special Administrative Region",2004,111.0,0.0,111.0,589.9000244,87.0,99.90000153,1909.0,1319.099976
344,"China, Hong Kong Special Administrative Region",2005,298.0,0.0,298.0,2353.100098,345.0,99.90000153,3529.5,1176.400024
344,"China, Hong Kong Special Administrative Region",2006,320.0,0.0,320.0,1674.800049,244.0,99.90000153,2885.300049,1210.5
344,"China, Hong Kong Special Administrative Region",2007,187.0,0.0,187.0,338.6000061,49.0,99.90000153,1874.199951,1535.599976
344,"China, Hong Kong Special Administrative Region",2008,332.0,0.0,332.0,1944.0,280.0,99.90000153,3366.699951,1422.699951
344,"China, Hong Kong Special Administrative Region",2009,220.0,0.0,220.0,889.9000244,127.0,99.90000153,2396.199951,1506.300049
344,"China, Hong Kong Special Administrative Region",2010,228.0,0.0,228.0,1271.0,181.0,99.90000153,2604.100098,1333.099976
344,"China, Hong Kong Special Administrative Region",2011,103.0,0.0,103.0,283.7999878,40.0,99.90000153,1632.900024,1349.099976
344,"China, Hong Kong Special Administrative Region",2012,217.0,0.0,217.0,812.2999878,114.0,99.90000153,2113.300049,1301.0
344,"China, Hong Kong Special Administrative Region",2013,336.0,0.0,336.0,2094.100098,295.0,99.90000153,3126.300049,1032.199951
344,"China, Hong Kong Special Administrative Region",2014,228.0,0.0,228.0,1782.599976,250.0,99.90000153,2896.899902,1114.300049
344,"China, Hong Kong Special Administrative Region",2015,226.0,0.0,226.0,1019.5,142.0,99.98999786,2058.199951,1038.699951
348,Hungary,2005,4929.0,566.0,4363.0,138003.0,13682.0,100.0,69378.0,53103.0
348,Hungary,2006,4917.0,540.0,4376.0,132886.0,13215.0,100.0,54220.0,49290.0
348,Hungary,2007,5279.0,521.0,4758.0,108100.0,10784.0,100.0,58400.0,53100.0
348,Hungary,2008,5432.0,506.0,4926.0,109968.0,11006.0,100.0,56451.0,52008.0
348,Hungary,2009,6342.0,558.0,5784.0,125106.0,12562.0,100.0,58311.0,52731.0
348,Hungary,2010,5370.0,535.0,4835.0,166034.0,16724.0,100.0,92535.0,65100.0
348,Hungary,2011,5225.0,535.0,4690.0,88426.0,8934.0,100.0,39153.0,41199.0
348,Hungary,2012,5051.0,535.0,4516.0,95086.0,9634.0,100.0,45384.0,45942.0
348,Hungary,2013,5250.0,496.0,4754.0,126150.0,12828.0,100.0,62031.0,53754.0
348,Hungary,2014,3923.0,476.0,3447.0,113738.0,11600.0,100.0,70680.0,59532.0
348,Hungary,2015,4030.0,492.0,3538.0,91728.0,9381.0,100.0,51429.0,50561.0
348,Hungary,2016,3959.0,486.0,3473.0,114687.0,11759.0,100.0,65751.0,55970.0
352,Iceland,2005,165.0,160.0,5.0,135151.0,458172.0,95.0,153277.0,18126.0
352,Iceland,2010,3303.0,3268.0,35.0,122733.0,383148.0,95.0,141043.0,18310.0
352,Iceland,2011,3515.0,3475.0,40.0,172947.0,534748.0,95.0,189993.0,17046.0
352,Iceland,2012,3571.0,3531.0,40.0,150926.0,463637.0,95.0,168420.0,17494.0
352,Iceland,2013,3486.0,3451.0,35.0,156393.0,477982.0,95.0,173377.0,16984.0
352,Iceland,2014,3011.0,2971.0,40.0,175903.0,535323.0,95.0,194159.0,18256.0
368,Iraq,2011,44700.0,4000.0,40700.0,79640.0,2510.0,84.0,46380.0,14310.0
368,Iraq,2012,49000.0,4000.0,45000.0,61642.0,1881.0,85.0,31620.0,19088.0
368,Iraq,2013,48900.0,4000.0,44900.0,65009.0,1961.0,87.0,86515.0,77526.0
368,Iraq,2014,46810.0,4000.0,42810.0,48933.0,1422.0,88.0,108812.0,97129.0
372,Ireland,2005,799.0,364.0,435.0,45564.0,10815.0,83.0,80279.0,37731.0
372,Ireland,2007,730.0,213.0,517.0,44282.0,10069.0,85.0,82798.0,41399.0
398,Kazakhstan,2004,23640.0,957.0,22683.0,128500.0,8352.0,76.40000153,874853.0,806553.0
398,Kazakhstan,2005,24797.0,1152.0,23645.0,133600.0,8596.0,77.40000153,744034.0,672334.0
398,Kazakhstan,2006,21244.0,1173.0,20071.0,103900.0,6622.0,78.69999695,861226.0,805426.0
398,Kazakhstan,2007,22814.0,1217.0,21597.0,117500.0,7417.0,79.30000305,812169.0,747269.0
398,Kazakhstan,2008,20474.0,1290.0,19184.0,89700.0,5606.0,81.80000305,694977.0,644677.0
398,Kazakhstan,2009,21538.0,1229.0,20309.0,100000.0,6179.0,82.0,880304.0,822104.0
398,Kazakhstan,2010,23812.0,1186.0,22626.0,143600.0,8757.0,82.5,877579.0,800379.0
398,Kazakhstan,2011,21948.0,1137.0,20811.0,101800.0,6115.0,87.69999695,874853.0,817553.0
398,Kazakhstan,2012,21389.0,1133.0,20256.0,92700.0,5478.0,87.69999695,705879.0,656679.0
398,Kazakhstan,2013,22530.0,1075.0,21455.0,121100.0,7113.0,89.59999847,940263.0,865263.0
398,Kazakhstan,2014,23078.0,1052.0,22026.0,109800.0,6346.0,90.40000153,746623.0,683123.0
398,Kazakhstan,2015,21661.0,1056.0,20605.0,107400.0,6112.0,90.90000153,907392.0,839692.0
398,Kazakhstan,2016,21634.0,1051.0,20583.0,146100.0,8194.0,91.40000153,1081786.0,990086.0
398,Kazakhstan,2017,22454.0,1032.0,21422.0,139000.0,7688.0,92.0,784772.0,704872.0
400,Jordan,2010,784.7999878,497.8999939,286.8999939,849.9500122,118.0,97.69999695,8727.660156,8092.290039
400,Jordan,2013,725.5,527.7999878,197.6999969,587.2000122,69.0,96.69999695,8120.0,7689.0
400,Jordan,2014,854.7999878,595.7999878,259.0,599.0,67.0,96.69999695,7228.0,6817.0
440,Lithuania,2004,3278.0,157.0,3121.0,25560.0,7560.0,76.0,47270.0,31170.0
440,Lithuania,2010,761.0,179.0,583.0,29268.0,9369.0,74.0,55033.0,37282.0
440,Lithuania,2011,631.0,175.0,457.0,26047.0,8457.0,75.0,44977.0,28123.0
440,Lithuania,2012,669.0,151.0,518.0,28069.0,9242.0,76.0,51598.0,31542.0
440,Lithuania,2013,443.0,158.0,285.0,20538.0,6826.0,78.0,43152.0,32959.0
440,Lithuania,2014,389.0,159.0,230.0,24206.0,8146.0,79.0,41198.0,24719.0
440,Lithuania,2015,411.0,157.0,254.0,20073.0,6846.0,80.0,38517.0,25075.0
440,Lithuania,2016,340.0,157.0,183.0,33316.0,11530.0,81.0,51985.0,27685.0
440,Lithuania,2017,292.0,156.0,136.0,33778.0,11871.0,82.0,57852.0,36034.0
442,Luxembourg,2009,47.0,27.0,20.0,927.0,1868.0,100.0,2156.0,1229.0
466,Mali,2010,5363.305176,149.0827026,5214.222168,143600.0,9526.0,64.5,415000.0,360786.0
466,Mali,2011,6618.583008,151.541626,6467.041504,119203.0,7670.0,64.40000153,400092.0,331925.0
466,Mali,2012,6870.058105,153.4681244,6716.589844,150595.0,9408.0,63.5,400092.0,331925.0
466,Mali,2013,7124.777832,155.8489227,6968.929199,131013.0,7964.0,63.59999847,400092.0,331925.0
466,Mali,2014,8802.540039,159.5155945,8643.024414,124379.0,7345.0,63.79999924,400092.0,331925.0
466,Mali,2015,23471.13281,5215.148438,18255.98438,140990.0,8085.0,65.30000305,400092.0,331925.0
466,Mali,2016,25133.57617,5452.690918,19680.88672,145863.0,8119.0,66.90000153,402694.0,333994.0
466,Mali,2017,20606.06836,5421.009277,15185.05859,13559.0,732.0,68.0,403498.0,334865.0
470,Malta,2004,32.0,32.0,0.0,79.0,195.0,100.0,146.0,67.0
470,Malta,2005,32.0,32.0,0.0,87.0,214.0,100.0,160.0,73.0
470,Malta,2006,33.0,33.0,0.0,93.0,228.0,100.0,171.0,78.0
470,Malta,2007,37.0,37.0,0.0,107.0,261.0,100.0,196.0,89.0
470,Malta,2008,36.0,36.0,0.0,86.0,209.0,100.0,158.0,72.0
470,Malta,2009,32.0,32.0,0.0,117.0,283.0,100.0,215.0,98.0
470,Malta,2010,41.0,41.0,0.0,91.0,219.0,100.0,162.0,71.0
470,Malta,2011,38.0,38.0,0.0,105.0,251.0,100.0,187.0,82.0
470,Malta,2012,40.0,37.0,3.0,81.0,192.0,100.0,164.0,83.0
470,Malta,2013,46.0,44.0,3.0,75.0,176.0,100.0,152.0,77.0
470,Malta,2014,45.0,42.0,3.0,79.0,184.0,100.0,159.0,81.0
470,Malta,2015,42.0,39.0,3.0,88.0,203.0,100.0,175.0,87.0
470,Malta,2016,42.0,39.0,3.0,51.0,117.0,100.0,103.0,51.0
470,Malta,2017,43.0,40.0,3.0,69.0,158.0,100.0,138.0,69.0
480,Mauritius,2004,725.0,150.0,575.0,2723.0,2240.0,99.0,3890.0,1167.0
480,Mauritius,2005,691.0,150.0,541.0,3361.0,2750.0,99.0,4801.0,1440.0
480,Mauritius,2006,682.0,154.0,528.0,2493.0,2030.0,99.0,3562.0,1069.0
480,Mauritius,2007,630.0,112.0,518.0,2578.0,2089.0,99.5,3683.0,1105.0
480,Mauritius,2008,616.0,119.0,497.0,2925.0,2360.0,99.5,4179.0,1254.0
480,Mauritius,2009,632.0,121.0,511.0,2949.0,2371.0,99.5,4213.0,1264.0
480,Mauritius,2010,637.0,124.0,513.0,2749.0,2203.0,99.5,3927.0,1178.0
480,Mauritius,2011,571.0,122.0,449.0,2307.0,1844.0,99.69999695,3295.0,989.0
480,Mauritius,2012,582.0,122.0,460.0,2199.0,1754.0,99.69999695,3141.0,942.0
480,Mauritius,2013,608.0,121.0,487.0,2584.0,2058.0,99.69999695,3691.0,1107.0
480,Mauritius,2014,620.0,131.0,489.0,2611.0,2077.0,99.69999695,3730.0,1119.0
480,Mauritius,2015,612.0,145.0,467.0,3340.0,2652.0,99.69999695,4771.0,1431.0
480,Mauritius,2016,620.0,147.0,473.0,2525.0,2001.0,99.69999695,3607.0,1082.0
480,Mauritius,2017,610.0,142.0,468.0,2829.0,2237.0,99.69999695,4041.0,1212.0
504,Morocco,2007,7648.0,4100.0,3548.0,22000.0,705.0,73.40000153,139000.0,117000.0
504,Morocco,2008,7114.0,4100.0,3014.0,44000.0,1393.0,76.30000305,165000.0,121000.0
504,Morocco,2009,7672.0,4100.0,3572.0,43000.0,1344.0,76.5,165000.0,126000.0
528,Netherlands,2004,11682.0,1045.0,10637.0,80190.0,4924.0,100.0,34045.0,21849.0
528,Netherlands,2005,11539.0,1004.0,10535.0,76377.0,4666.0,100.0,31154.0,22361.0
528,Netherlands,2006,11048.0,1052.0,9996.0,81826.0,4977.0,100.0,30418.0,22681.0
528,Netherlands,2007,10949.0,993.0,9955.0,99962.0,6056.0,100.0,36559.0,21914.0
528,Netherlands,2008,10708.0,989.0,9719.0,86608.0,5227.0,100.0,32924.0,22053.0
528,Netherlands,2009,11411.0,1015.0,10396.0,80836.0,4862.0,100.0,29896.0,17022.0
528,Netherlands,2010,10931.0,997.0,9934.0,93562.0,5608.0,100.0,32451.0,22228.0
528,Netherlands,2011,10188.0,989.0,9199.0,74080.0,4426.0,100.0,31397.0,22372.0
528,Netherlands,2012,10739.0,941.0,9798.0,93959.0,5596.0,100.0,34987.0,21828.0
528,Netherlands,2013,10639.0,992.0,9647.0,100559.0,5970.0,100.0,30497.0,21693.0
528,Netherlands,2014,9408.0,965.0,8443.0,82293.0,4872.0,100.0,31678.0,20028.0
528,Netherlands,2015,8411.0,993.0,7418.0,81814.0,4830.0,100.0,35341.0,22963.0
528,Netherlands,2016,7989.0,983.0,7005.0,92193.0,5429.0,100.0,32032.0,22800.0
591,Panama,2004,11553.10156,31.11000061,11521.99121,135763.25,41524.0,82.0,218414.9375,88446.85938
591,Panama,2005,11771.30957,6.309999943,11765.0,143325.4219,43035.0,83.0,228325.4219,89711.29688
591,Panama,2006,12993.97461,25.84000015,12968.13477,135960.9375,40084.0,84.0,219090.2813,87761.10938
591,Panama,2007,13544.78027,24.20999908,13520.57031,162303.5469,46993.0,88.40000153,247074.8281,88993.47656
591,Panama,2008,13108.11035,28.11000061,13080.0,134849.3438,38350.0,89.0,217466.3906,88127.19531
591,Panama,2009,12688.32129,27.29999924,12661.02148,127872.2656,35725.0,91.0,208818.1719,86473.4375
591,Panama,2010,17758.31055,30.30999947,17728.0,173430.1563,47604.0,67.19999695,265632.9375,98284.1875
591,Panama,2011,21233.98047,66.98000336,21167.0,138366.7969,37318.0,70.0,209856.6094,76210.64844
591,Panama,2012,26753.58984,32.59000015,26721.0,114964.3984,30471.0,71.90000153,185971.0469,74307.24219
591,Panama,2013,25184.15039,32.15000153,25152.0,105508.7656,27509.0,73.59999847,175760.9375,73481.85938
591,Panama,2014,30939.19922,33.20000076,30906.0,110208.0938,28249.0,75.19999695,180933.1875,74964.59375
591,Panama,2015,28019.33984,34.34000015,27985.0,92637.55469,23343.0,77.5,147431.5469,58593.92969
591,Panama,2016,33339.91016,31.90999985,33308.0,120980.0391,29967.0,77.69999695,193960.625,75669.3125
616,Poland,2004,11477.0,2504.0,8973.0,50395.0,1313.0,86.0,194141.0,149701.0
616,Poland,2005,11522.0,2632.0,8889.0,56551.0,1474.0,86.0,179502.0,130852.0
616,Poland,2006,12257.0,2831.0,9576.0,50094.0,1307.0,86.0,193361.0,151063.0
616,Poland,2007,12027.0,2671.0,9356.0,56718.0,1480.0,87.0,225164.0,175700.0
616,Poland,2008,11365.0,2638.0,8727.0,54179.0,1414.0,87.0,200307.0,153849.0
616,Poland,2009,11517.0,2586.0,8931.0,55051.0,1436.0,87.0,211421.0,164802.0
616,Poland,2010,11645.0,2722.0,8923.0,86763.0,2264.0,88.0,248911.0,175385.0
616,Poland,2011,11911.0,2733.0,9178.0,76385.0,1993.0,88.0,215303.0,148606.0
616,Poland,2012,11478.0,2644.0,8834.0,49626.0,1295.0,88.0,195948.0,152301.0
616,Poland,2013,11243.0,2608.0,8634.0,66941.0,1754.0,88.0,210158.0,152502.0
616,Poland,2014,11308.0,2578.0,8731.0,52239.0,1371.0,92.0,199870.0,154215.0
616,Poland,2015,11094.0,2608.0,8486.0,40786.0,1072.0,92.0,155818.0,119794.0
616,Poland,2016,11153.0,2594.0,8559.0,41439.0,1091.0,92.0,218545.0,182180.0
616,Poland,2017,10652.0,2558.0,8094.0,61041.0,1608.0,92.0,248836.0,194583.0
620,Portugal,2017,4837.0,2065.0,2772.0,17121.0,1664.0,93.0,46770.0,51301.0
634,Qatar,2004,220.2964325,220.2964325,0.0,56.0,74.0,100.0,489.3999939,435.6000061
634,Qatar,2005,247.5649567,247.5649567,0.0,69.5,80.0,100.0,612.0999756,544.7999878
634,Qatar,2006,246.6733093,246.6733093,0.0,166.1000061,164.0,100.0,1490.300049,1326.400024
634,Qatar,2007,246.6660767,246.6660767,0.0,48.70000076,41.0,100.0,422.2999878,375.7999878
634,Qatar,2008,248.6716003,248.6716003,0.0,45.0,32.0,100.0,388.7000122,345.8999939
634,Qatar,2009,247.0550232,247.0550232,0.0,103.5999985,65.0,100.0,922.2000122,820.7999878
634,Qatar,2010,248.2200012,248.2200012,0.0,41.0,23.0,100.0,352.8999939,314.1000061
634,Qatar,2011,249.5299988,249.5299988,0.0,98.40000153,50.0,100.0,874.7000122,778.5
634,Qatar,2012,250.2100067,250.2100067,0.0,48.29999924,23.0,100.0,418.7999878,372.7000122
642,Romania,2007,6884.0,644.0,6240.0,37805.0,1797.0,49.0,174000.0,136450.0
642,Romania,2008,7220.0,659.0,6561.0,39406.0,1893.0,53.0,158000.0,119153.0
642,Romania,2009,6876.0,628.0,6248.0,34480.0,1672.0,55.0,156000.0,121769.0
642,Romania,2010,6219.0,624.0,5595.0,61878.0,3027.0,56.0,201750.0,140465.0
642,Romania,2011,6592.0,600.0,5992.0,30678.0,1512.0,56.0,119290.0,88834.0
642,Romania,2012,6482.0,598.0,5884.0,24439.0,1212.0,60.0,148798.0,124501.0
642,Romania,2013,6418.0,581.0,5837.0,35573.0,1767.0,61.0,162799.0,127456.0
642,Romania,2014,6269.0,554.0,5715.0,42188.0,2106.0,62.0,197196.0,155230.0
642,Romania,2015,6458.0,590.0,5868.0,34827.0,1748.0,64.0,152358.0,117699.0
642,Romania,2016,6364.0,635.0,5729.0,40732.0,2058.0,65.0,187738.0,147192.0
642,Romania,2017,6762.0,646.0,6116.0,29228.0,1487.0,68.0,157892.0,128889.0
643,Russian Federation,2010,72687.0,9364.0,63321.0,4331700.0,30259.0,79.19999695,9853898.0,5734498.0
688,Serbia,2004,2712.0,550.0,2162.0,175311.0,18935.0,69.87000275,60740.0,48769.0
688,Serbia,2005,3835.0,554.0,3281.0,206045.625,22360.0,71.13999939,63501.05469,50655.78125
688,Serbia,2006,3981.0,543.0,3438.0,208486.2656,22728.0,72.41999817,53796.27734,47887.20313
688,Serbia,2007,3998.0,532.0,3466.0,151651.9219,16601.0,73.3690033,57251.8125,55215.71094
688,Serbia,2008,4043.0,522.0,3521.0,156311.0,17178.0,77.27400208,46758.0,44263.0
688,Serbia,2009,4158.0,519.0,3639.0,176050.0,19421.0,77.83899689,59320.0,52400.0
688,Serbia,2010,3924.0,514.0,3410.0,246787.0,27331.0,77.66300201,64511.0,58040.0
688,Serbia,2011,4288.0,503.0,3785.0,135784.0,15098.0,78.24500275,34665.0,25257.0
688,Serbia,2012,3919.0,507.0,3412.0,142488.0,15908.0,80.14700317,46082.0,44228.0
688,Serbia,2013,4194.0,479.0,3715.0,197085.0,22097.0,81.94400024,51568.0,50030.0
688,Serbia,2014,3386.0,459.0,2927.0,194887.0313,21902.0,83.68099976,77980.0,73681.57031
688,Serbia,2015,4072.0,469.0,3603.0,160116.4219,18038.0,82.87999725,51746.0,46169.79297
703,Slovakia,2005,907.0,374.0,533.0,82207.0,15226.0,85.0,46029.0,33628.0
703,Slovakia,2006,763.0,368.0,395.0,78419.0,14526.0,86.0,36274.0,21374.0
703,Slovakia,2007,688.0,358.0,330.0,80975.0,15000.0,87.0,39460.0,30196.0
703,Slovakia,2008,664.0,351.0,313.0,79151.0,14661.0,86.0,40049.0,29903.0
703,Slovakia,2009,628.0,348.0,280.0,82599.0,15294.0,86.0,41715.0,30883.0
703,Slovakia,2010,601.0,341.0,260.0,103616.0,19173.0,87.0,59104.0,26593.0
703,Slovakia,2011,593.0,334.0,259.0,63289.0,11699.0,87.0,31791.0,24061.0
703,Slovakia,2012,665.0,339.0,326.0,82742.0,15274.0,87.0,34849.0,20982.0
703,Slovakia,2013,637.0,329.0,308.0,98050.0,18085.0,87.0,42348.0,22690.0
703,Slovakia,2014,559.0,321.0,238.0,79516.0,14647.0,88.0,46806.0,25499.0
703,Slovakia,2015,574.0,326.0,248.0,66601.0,12253.0,88.0,35241.0,23692.0
703,Slovakia,2016,555.0,323.0,232.0,86288.0,15856.0,89.0,45289.0,22399.0
703,Slovakia,2017,579.0,334.0,244.0,79347.0,14565.0,89.0,40535.0,22287.0
724,Spain,2004,36080.0,6027.0,30053.0,53713.0,1239.0,100.0,221456.0,167743.0
724,Spain,2005,38030.0,6387.0,31642.0,84324.0,1915.0,100.0,313516.0,229192.0
724,Spain,2006,36328.0,6303.0,30025.0,109676.0,2452.0,100.0,355747.0,246070.0
724,Spain,2007,35573.0,6496.0,29077.0,68629.0,1512.0,100.0,300643.0,232014.0
724,Spain,2008,35373.0,6174.0,29199.0,79753.0,1734.0,100.0,305174.0,225420.0
724,Spain,2010,35310.0,6601.0,28709.0,107482.0,2297.0,100.0,337988.0,230507.0
724,Spain,2011,35069.0,6143.0,28926.0,80592.0,1718.0,100.0,246633.0,166040.0
724,Spain,2012,34309.0,6496.0,27813.0,168275.0,3591.0,100.0,422482.0,254207.0
724,Spain,2013,32346.0,6109.0,26237.0,63441.0,1352.0,100.0,263371.0,199930.0
724,Spain,2015,31556.0,6334.0,25222.0,162392.0,3479.0,100.0,344073.0,181681.0
752,Sweden,2005,2630.0,346.0,2285.0,187594.0,20755.0,85.0,337949.0,167611.0
752,Sweden,2006,2630.0,346.0,2285.0,192479.0,21160.0,85.0,364915.0,174108.0
752,Sweden,2007,2630.0,346.0,2285.0,200421.0,21872.0,85.0,344891.0,169929.0
752,Sweden,2010,2811.0,345.0,2466.0,187690.0,19988.0,86.0,338882.0,163011.0
752,Sweden,2015,2375.0,365.0,2010.0,220513.0,22582.0,88.0,375110.0,171115.0
756,Switzerland,2012,2005.0,1005.0,1000.0,49666.0,6184.0,99.0,61785.0,22632.0
788,Tunisia,2004,2372.0,1905.0,467.0,4434.0,443.0,95.59999847,38280.0,33846.0
788,Tunisia,2005,2469.0,1951.0,518.0,3058.0,303.0,96.09999847,26400.0,23342.0
788,Tunisia,2006,2529.0,1978.0,551.0,3544.0,348.0,96.69999695,30600.0,27056.0
788,Tunisia,2007,2555.0,1985.0,570.0,3669.0,356.0,97.30000305,31680.0,28011.0
788,Tunisia,2008,2555.0,2009.0,546.0,2094.0,201.0,97.40000153,21120.0,19026.0
788,Tunisia,2009,2562.0,2016.0,546.0,3379.0,321.0,97.59999847,34080.0,30701.0
788,Tunisia,2010,2721.0,2175.0,546.0,2142.0,201.0,97.80000305,21600.0,19458.0
788,Tunisia,2011,2734.0,2200.0,534.0,2904.0,270.0,97.90000153,29280.0,26376.0
788,Tunisia,2012,2877.0,2269.0,608.0,3213.442627,295.0,97.30000305,32400.0,29186.55664
788,Tunisia,2013,2945.0,2330.0,615.0,1820.950806,166.0,97.5,18360.0,16539.04883
862,Venezuela (Bolivarian Republic of),2004,20764.01172,10382.00586,10382.00586,1007044.0,38251.0,89.30000305,1520000.0,980000.0
862,Venezuela (Bolivarian Republic of),2005,24360.75977,12180.37988,12180.37988,1097044.0,40959.0,90.0,1560000.0,930000.0
862,Venezuela (Bolivarian Republic of),2006,28619.52344,15275.11523,13344.4082,877044.0,32198.0,90.90000153,1060000.0,650000.0
862,Venezuela (Bolivarian Republic of),2007,36739.70313,18369.85156,18369.85156,951351.6875,34355.0,91.59999847,1335846.125,851538.4375
862,Venezuela (Bolivarian Republic of),2008,39748.85156,19874.42578,19874.42578,909167.0625,32307.0,94.0,1293661.5,851538.4375
862,Venezuela (Bolivarian Republic of),2009,41018.46094,20509.23047,20509.23047,551505.5625,19292.0,95.0,936000.0,851538.4375
